{
    "menu" : [{
            "itemId" : "1",
            "item" : "Chhola Bhatura",
            "category" : "North Indian",
            "pricePerItem" : "25"
        }, {
            "itemId" : "2",
            "item" : "Maggi",
            "category" : "Fast Food",
            "pricePerItem" : "12"
        }, {
            "itemId" : "3",
            "item" : "Puri Sabji",
            "category" : "North Indian",
            "pricePerItem" : "20"
        }, {
            "itemId" : "4",
            "item" : "Dosa",
            "category" : "South Indian",
            "pricePerItem" : "20"
        }, {
            "itemId" : "5",
            "item" : "Idli",
            "category" : "South Indian",
            "pricePerItem" : "10"
        }, {
            "itemId" : "6",
            "item" : "Vada",
            "category" : "South Indian",
            "pricePerItem" : "10"
        }, {
            "itemId" : "7",
            "item" : "Patis",
            "category" : "Fast Food",
            "pricePerItem" : "15"
        }, {
            "itemId" : "8",
            "item" : "Spring Roll",
            "category" : "Fast Food",
            "pricePerItem" : "25"
        }, {
            "itemId" : "9",
            "item" : "Rice and Fish Thali",
            "category" : "North Indian",
            "pricePerItem" : "40"
        }, {
            "itemId" : "10",
            "item" : "Chicken Roll",
            "category" : "Fast Food",
            "pricePerItem" : "35"
        }, {
            "itemId" : "11",
            "item" : "Lays",
            "category" : "Packaged Food",
            "pricePerItem" : "10"
        }, {
            "itemId" : "12",
            "item" : "Kurkure",
            "category" : "Packaged Food",
            "pricePerItem" : "10"
        }, {
            "itemId" : "13",
            "item" : "GoodDay",
            "category" : "Packaged Food",
            "pricePerItem" : "15"
        }, {
            "itemId" : "14",
            "item" : "Coffee",
            "category" : "Beverages",
            "pricePerItem" : "8"
        }, {
            "itemId" : "15",
            "item" : "Tea",
            "category" : "Beverages",
            "pricePerItem" : "6"
        }, {
            "itemId" : "16",
            "item" : "Pepsi",
            "category" : "Beverages",
            "pricePerItem" : "12"
        }, {
            "itemId" : "17",
            "item" : "ThumsUp",
            "category" : "Beverages",
            "pricePerItem" : "12"
        }, {
            "itemId" : "18",
            "item" : "Momos",
            "category" : "Chinese",
            "pricePerItem" : "25"
        }, {
            "itemId" : "19",
            "item" : "Veg Chowmin",
            "category" : "Chinese",
            "pricePerItem" : "15"
        }, {
            "itemId" : "20",
            "item" : "Spaghetti",
            "category" : "Chinese",
            "pricePerItem" : "20"
        }
    ]
}
