{
    "users" : [{
            "userid" : "1",
            "username" : "ankit",
            "password" : "ea2d83aca109045987dca2ae29bab222"
        }, {
            "userid" : "92",
            "username" : "nilavra",
            "password" : "613d3b9c91e9445abaeca02f2342e5a6" 
        }, {
            "userid" : "2",
            "username" : "raghav",
            "password" : "59e67fff6b0e1170d6b086b2149c71b0"
        }, {
            "userid" : "3",
            "username" : "soumik",
            "password" : "dc193b736b1ac113d457aa179292f7c3"
        }, {
            "userid" : "4",
            "username" : "saikat",
            "password" : "92805519ea97edf205417468ecf7f30c"
        }, {
            "userid" : "5",
            "username" : "sandeep",
            "password" : "9002749254e3cd934bf1ba3279180848"
        }, {
            "userid" : "6",
            "username" : "sourav",
            "password" : "bf2b3b0a91e3615fb367e800daaab270"
        }
    ]
}
